"Id","AdviceUnitId","Name","Name_Length","Notes","Notes_Length","IsVisibleToClient","CreatedUTCDateTime","LastModifiedUTCDateTime","RiskLevelId","RiskLevelNotes","RiskLevelNotes_Length","RiskLevelLastModifiedUTCDateTime","RiskLevelBusinessProcessInstanceId","RiskLevelUpdatedByStaffId","SustainabilityLevelId","SustainabilityLevelNotes","SustainabilityLevelNotes_Length","SustainabilityLevelLastModifiedUTCDateTime","SustainabilityLevelBusinessProcessInstanceId","SustainabilityLevelUpdatedByStaffId","ObjectiveNotes","ObjectiveNotes_Length","ObjectiveLastModifiedUTCDateTime","ObjectiveBusinessProcessInstanceId","ObjectiveUpdatedByStaffId","MinimumThresholdAmount","MinimumThresholdCurrencyId","MinimumThresholdLastModifiedUTCDateTime","MinimumThresholdBusinessProcessInstanceId","MinimumThresholdUpdatedByStaffId"
"11f10c30-3bdd-4777-94ba-18a83b7e0f4f","181c3429-0e1f-4a45-95ca-1e2ee584e588","n/3Kzs5UCsknVQFTGsXuj3xtR38EqIp8H54G44EG5Zc=","14","NULL","NULL","False","2025-08-04T20:32:11","2025-08-04T20:32:11","7","KqVGbxi39Wa2G2Wvy19EYXpKeNHoJwFucQ+T3oKxq5Y=","44","2025-08-04T20:32:11","36fa3692-fffe-4723-a43d-2b2adf1cbd29","d7037c79-621f-40f1-b33d-b1b88ee8cbd3","5","NULL","NULL","2025-08-04T20:32:11","36fa3692-fffe-4723-a43d-2b2adf1cbd29","d7037c79-621f-40f1-b33d-b1b88ee8cbd3","NULL","NULL","NULL","NULL","NULL","NULL","NULL","NULL","NULL","NULL"
"7fc122e8-fe70-467a-b01b-1cea3ad0f1d4","c0c5fc8d-330c-4f97-82f7-1e9edd65273e","RbKpZ2XesFPHQPOVX6DPtm8nkG1ygI4YMepLJf4JeK0=","31","NULL","NULL","False","2025-07-29T21:27:53","2025-08-04T23:12:39","5","lWGSeipUI29CeAZW3XirEHAt2MzFAazqNQYSjJoC6f0=","19","2025-08-04T23:12:39","NULL","f3ad97f3-e8ab-4428-90f6-88ce85a9e6ca","NULL","NULL","NULL","NULL","NULL","NULL","NULL","NULL","NULL","NULL","NULL","NULL","NULL","NULL","NULL","NULL"
"ca41f30d-3054-4d8b-93d2-c0346473209b","88270c78-26f8-4292-b98b-213b83cbbea2","5pytMNHWvHTUsdeBIit1J2QbwoDSwrLPuRu+K9Ootjw=","46","NULL","NULL","False","2025-07-29T21:30:06","2025-08-04T23:15:11","6","NULL","NULL","2025-08-04T23:15:11","NULL","d7037c79-621f-40f1-b33d-b1b88ee8cbd3","NULL","NULL","NULL","NULL","NULL","NULL","NULL","NULL","NULL","NULL","NULL","NULL","NULL","NULL","NULL","NULL"
"b32cd3f0-a70d-42c0-912e-d14c33696e0d","13918035-1f61-4c20-a2d6-31bed39893bf","1ZuzzrUYaXsO4zKfMWowB014+Qbc0iPBmzh6FzOf4C4=","50","NULL","NULL","True","2025-08-04T22:01:52","2025-08-04T22:02:04","9","NULL","NULL","2025-08-04T22:02:04","NULL","d7037c79-621f-40f1-b33d-b1b88ee8cbd3","2","NULL","NULL","2025-08-04T22:02:04","NULL","d7037c79-621f-40f1-b33d-b1b88ee8cbd3","Kghm/yjq5YfKcXqqu8JAcWTD+CQgYtIMt1zpSwL+o3k=","37","2025-08-04T22:02:04","NULL","d7037c79-621f-40f1-b33d-b1b88ee8cbd3","1.0000","1","2025-08-04T22:02:04","NULL","d7037c79-621f-40f1-b33d-b1b88ee8cbd3"
"ea754a77-9f03-4aa7-873a-0cf1979f60a5","c72cf2ba-04c4-4eaa-868e-4b4e6c14b2d2","+tnJCcyBGvw8KvXaHZWrFHr9V3U8fDK0HqTIBPvW8+8=","94","NULL","NULL","True","2025-08-04T22:20:00","2025-08-04T22:20:00","1","NULL","NULL","2025-08-04T22:20:00","NULL","d7037c79-621f-40f1-b33d-b1b88ee8cbd3","2","NULL","NULL","2025-08-04T22:20:00","NULL","d7037c79-621f-40f1-b33d-b1b88ee8cbd3","Kghm/yjq5YfKcXqqu8JAcWTD+CQgYtIMt1zpSwL+o3k=","37","2025-08-04T22:20:00","NULL","d7037c79-621f-40f1-b33d-b1b88ee8cbd3","1.0000","1","2025-08-04T22:20:00","NULL","d7037c79-621f-40f1-b33d-b1b88ee8cbd3"
"3b3c96f2-26fe-4d96-adec-1ecd39d7aeb6","5432ff17-ba70-455f-8585-804f1eb17c48","Be7Uo37IBQcH3hh9V8byOfnpUrekmDsDx2D3Z8n0QBE=","9","NULL","NULL","False","2025-07-30T05:31:24","2025-08-04T06:30:48","5","YAJ8GSqYV263DeNdDOSnb5Y+E+soBynJ5J/Wi9wgHng=","31","2025-08-04T06:30:48","cad0ce9b-a695-4860-9fb1-6bdd51a196d9","8331d383-356e-4fae-abb2-4b16e7950d76","NULL","NULL","NULL","NULL","NULL","NULL","NULL","NULL","NULL","NULL","NULL","NULL","NULL","NULL","NULL","NULL"
"d7788c0a-2a74-4f18-93a1-280aa28b33f6","b7950da4-d27e-4a46-8442-818050a14d07","1ZuzzrUYaXsO4zKfMWowB014+Qbc0iPBmzh6FzOf4C4=","50","NULL","NULL","True","2025-08-04T22:08:06","2025-08-04T22:08:06","2","NULL","NULL","2025-08-04T22:08:06","NULL","d7037c79-621f-40f1-b33d-b1b88ee8cbd3","4","NULL","NULL","2025-08-04T22:08:06","NULL","d7037c79-621f-40f1-b33d-b1b88ee8cbd3","Kghm/yjq5YfKcXqqu8JAcWTD+CQgYtIMt1zpSwL+o3k=","37","2025-08-04T22:08:06","NULL","d7037c79-621f-40f1-b33d-b1b88ee8cbd3","1.0000","1","2025-08-04T22:08:06","NULL","d7037c79-621f-40f1-b33d-b1b88ee8cbd3"
"38e3fea2-9bdc-47f0-99a4-ce192b736da5","641d09ed-9f8f-4398-ae8b-82f748fdfa23","DlqLKuCrTb8SuE2SL0vDqiAaHcFuWElf0FPok4Fe0GU=","46","NULL","NULL","True","2025-07-29T22:04:28","2025-08-04T22:52:48","7","NULL","NULL","2025-08-04T22:51:53","NULL","f9fb7609-b094-484f-a809-17d2de42944f","3","NULL","NULL","2025-08-04T22:51:53","NULL","f9fb7609-b094-484f-a809-17d2de42944f","SG/KTCbLxttq7P8pp+30ml5cKikXKwWKNxXgsj8HT7w=","24","2025-07-29T22:04:28","NULL","f9fb7609-b094-484f-a809-17d2de42944f","10.0000","1","2025-08-04T00:26:57","NULL","f9fb7609-b094-484f-a809-17d2de42944f"
"7cfe4122-e823-4b85-a407-056884876fc9","0613a5ca-9e4d-4224-9f3a-8317b71613e7","1ZuzzrUYaXsO4zKfMWowB014+Qbc0iPBmzh6FzOf4C4=","50","NULL","NULL","True","2025-08-04T00:38:26","2025-08-04T00:38:26","3","NULL","NULL","2025-08-04T00:38:26","NULL","ec0181b2-3d68-4dbe-ae4b-4880382e5b3c","NULL","NULL","NULL","NULL","NULL","NULL","phSoeYmkp15Gewi1jOwbBqFIpeJ5uOhMLNFZF31DitM=","11","2025-08-04T00:38:26","NULL","ec0181b2-3d68-4dbe-ae4b-4880382e5b3c","1.0000","1","2025-08-04T00:38:26","NULL","ec0181b2-3d68-4dbe-ae4b-4880382e5b3c"
"edab0ec9-803a-43c6-924d-ec9c364a5d24","50fd823d-1930-4c4f-b389-8675380f4b70","1ZuzzrUYaXsO4zKfMWowB014+Qbc0iPBmzh6FzOf4C4=","50","NULL","NULL","True","2025-08-04T22:58:46","2025-08-04T22:58:46","9","NULL","NULL","2025-08-04T22:58:46","NULL","d7037c79-621f-40f1-b33d-b1b88ee8cbd3","3","NULL","NULL","2025-08-04T22:58:46","NULL","d7037c79-621f-40f1-b33d-b1b88ee8cbd3","Kghm/yjq5YfKcXqqu8JAcWTD+CQgYtIMt1zpSwL+o3k=","37","2025-08-04T22:58:46","NULL","d7037c79-621f-40f1-b33d-b1b88ee8cbd3","1.0000","1","2025-08-04T22:58:46","NULL","d7037c79-621f-40f1-b33d-b1b88ee8cbd3"
"1825d820-1547-4bbb-aafe-bf5e6ddfaf8c","8f3b8b01-a437-4d47-8598-c2643bd724c9","ORbTcklnHql6+quLvYVfWs8NYaz1e6Ch1BpCWSO7Ok0=","86","NULL","NULL","True","2025-08-04T21:53:25","2025-08-04T21:53:25","5","NULL","NULL","2025-08-04T21:53:25","NULL","d7037c79-621f-40f1-b33d-b1b88ee8cbd3","1","NULL","NULL","2025-08-04T21:53:25","NULL","d7037c79-621f-40f1-b33d-b1b88ee8cbd3","Kghm/yjq5YfKcXqqu8JAcWTD+CQgYtIMt1zpSwL+o3k=","37","2025-08-04T21:53:25","NULL","d7037c79-621f-40f1-b33d-b1b88ee8cbd3","1.0000","1","2025-08-04T21:53:25","NULL","d7037c79-621f-40f1-b33d-b1b88ee8cbd3"
"a87c171a-b88c-462f-a5f0-b82a9028392a","bfda1cce-1731-447a-adfa-c26609034c39","+tnJCcyBGvw8KvXaHZWrFHr9V3U8fDK0HqTIBPvW8+8=","94","NULL","NULL","True","2025-08-04T22:55:49","2025-08-04T22:55:55","1","NULL","NULL","2025-08-04T22:55:49","NULL","d7037c79-621f-40f1-b33d-b1b88ee8cbd3","3","NULL","NULL","2025-08-04T22:55:49","NULL","d7037c79-621f-40f1-b33d-b1b88ee8cbd3","Kghm/yjq5YfKcXqqu8JAcWTD+CQgYtIMt1zpSwL+o3k=","37","2025-08-04T22:55:49","NULL","d7037c79-621f-40f1-b33d-b1b88ee8cbd3","1.0000","1","2025-08-04T22:55:49","NULL","d7037c79-621f-40f1-b33d-b1b88ee8cbd3"
"722466fc-dd81-47fc-a85e-7d4856ce3927","6c80e120-1c06-4dbc-b028-c81784c79bf8","+tnJCcyBGvw8KvXaHZWrFHr9V3U8fDK0HqTIBPvW8+8=","94","NULL","NULL","True","2025-08-04T22:13:36","2025-08-04T22:13:36","1","NULL","NULL","2025-08-04T22:13:36","NULL","d7037c79-621f-40f1-b33d-b1b88ee8cbd3","3","NULL","NULL","2025-08-04T22:13:36","NULL","d7037c79-621f-40f1-b33d-b1b88ee8cbd3","Kghm/yjq5YfKcXqqu8JAcWTD+CQgYtIMt1zpSwL+o3k=","37","2025-08-04T22:13:36","NULL","d7037c79-621f-40f1-b33d-b1b88ee8cbd3","1.0000","1","2025-08-04T22:13:36","NULL","d7037c79-621f-40f1-b33d-b1b88ee8cbd3"
"dd0c962b-47d7-415c-8a79-d7a99f4bb65e","9d8b1b72-c819-49c7-b4dd-c842cbe1f410","1ZuzzrUYaXsO4zKfMWowB014+Qbc0iPBmzh6FzOf4C4=","50","NULL","NULL","True","2025-08-04T22:41:09","2025-08-04T22:41:09","3","NULL","NULL","2025-08-04T22:41:09","NULL","ec0181b2-3d68-4dbe-ae4b-4880382e5b3c","NULL","NULL","NULL","NULL","NULL","NULL","phSoeYmkp15Gewi1jOwbBqFIpeJ5uOhMLNFZF31DitM=","11","2025-08-04T22:41:09","NULL","ec0181b2-3d68-4dbe-ae4b-4880382e5b3c","1.0000","1","2025-08-04T22:41:09","NULL","ec0181b2-3d68-4dbe-ae4b-4880382e5b3c"
"aa7bd83f-75bd-4218-a4c6-25e00fd400eb","a947bf29-1b01-4a93-a70f-c987527b2200","1ZuzzrUYaXsO4zKfMWowB014+Qbc0iPBmzh6FzOf4C4=","50","NULL","NULL","True","2025-08-04T21:57:04","2025-08-04T21:57:04","1","NULL","NULL","2025-08-04T21:57:04","NULL","d7037c79-621f-40f1-b33d-b1b88ee8cbd3","1","NULL","NULL","2025-08-04T21:57:04","NULL","d7037c79-621f-40f1-b33d-b1b88ee8cbd3","Kghm/yjq5YfKcXqqu8JAcWTD+CQgYtIMt1zpSwL+o3k=","37","2025-08-04T21:57:04","NULL","d7037c79-621f-40f1-b33d-b1b88ee8cbd3","1.0000","1","2025-08-04T21:57:04","NULL","d7037c79-621f-40f1-b33d-b1b88ee8cbd3"
"77942d91-08a8-43b6-8bb9-b8e21fcdecde","393a1ae6-e859-4fc4-a4a9-c9ee966a159b","ieUKYrGoeoMfsTuF9sNJZ/OLON2srMf91ChrX8LbipU=","6","NULL","NULL","False","2024-08-19T19:04:40","2025-08-04T01:39:28","6","/rCFae8SZtDf92rOUpXYN/6kTHr90uxm9rK4r/TIItI=","27","2025-08-04T01:39:28","218161cb-de0d-4332-aabd-aa1f3655c679","d7037c79-621f-40f1-b33d-b1b88ee8cbd3","NULL","NULL","NULL","NULL","NULL","NULL","NULL","NULL","NULL","NULL","NULL","NULL","NULL","NULL","NULL","NULL"
"3af5a635-ba2b-42a0-9350-66c348ed78f7","4a9abfe3-a46f-4e20-975a-1bc4130c64c9","1ZuzzrUYaXsO4zKfMWowB014+Qbc0iPBmzh6FzOf4C4=","50","NULL","NULL","True","2025-08-04T22:00:05","2025-08-04T22:00:05","8","NULL","NULL","2025-08-04T22:00:05","NULL","d7037c79-621f-40f1-b33d-b1b88ee8cbd3","2","NULL","NULL","2025-08-04T22:00:05","NULL","d7037c79-621f-40f1-b33d-b1b88ee8cbd3","Kghm/yjq5YfKcXqqu8JAcWTD+CQgYtIMt1zpSwL+o3k=","37","2025-08-04T22:00:05","NULL","d7037c79-621f-40f1-b33d-b1b88ee8cbd3","1.0000","1","2025-08-04T22:00:05","NULL","d7037c79-621f-40f1-b33d-b1b88ee8cbd3"
"6a84a5a0-8ca5-42e0-b649-82cb593ab99a","0635cf53-45a9-412b-9422-3be30b635eb4","9huJJDXHyoWd3P6aM2YUwQTH4LdNUVVJDsclcuks8Yo=","24","Gp8+ED+Jj+k7psv2h9kBKTILDoqb42MQwrXAMsp2QUk=","42","False","2024-02-20T16:35:59","2025-08-04T23:24:22","4","NULL","NULL","2024-02-20T16:35:59","NULL","d7037c79-621f-40f1-b33d-b1b88ee8cbd3","3","NULL","NULL","2025-08-04T23:24:22","NULL","d7037c79-621f-40f1-b33d-b1b88ee8cbd3","NULL","NULL","NULL","NULL","NULL","NULL","NULL","NULL","NULL","NULL"
"c8cdcbbb-b55f-413b-bde9-2c13e1b4a0ea","3e433021-bd38-4eff-8a2a-894edd57499d","n/3Kzs5UCsknVQFTGsXuj3xtR38EqIp8H54G44EG5Zc=","14","NULL","NULL","False","2025-08-04T20:50:37","2025-08-04T20:50:37","NULL","NULL","NULL","NULL","NULL","NULL","5","NULL","NULL","2025-08-04T20:50:37","b4b9b257-ac8e-4d8d-a144-bf6578e6816f","d7037c79-621f-40f1-b33d-b1b88ee8cbd3","NULL","NULL","NULL","NULL","NULL","NULL","NULL","NULL","NULL","NULL"
"ddb0a6cc-9031-4a6c-813c-6fb07e118f53","7e2fe693-438e-401b-bf7a-cc09fa4fcbd0","1ZuzzrUYaXsO4zKfMWowB014+Qbc0iPBmzh6FzOf4C4=","50","NULL","NULL","False","2025-08-04T21:32:12","2025-08-04T21:32:12","NULL","NULL","NULL","NULL","NULL","NULL","3","NULL","NULL","2025-08-04T21:32:12","NULL","d7037c79-621f-40f1-b33d-b1b88ee8cbd3","NULL","NULL","NULL","NULL","NULL","NULL","NULL","NULL","NULL","NULL"
"321fac26-6819-42d1-b489-2bde6447edbf","d39779f6-0f78-4d86-829a-cefa830acdee","1ZuzzrUYaXsO4zKfMWowB014+Qbc0iPBmzh6FzOf4C4=","50","NULL","NULL","True","2025-08-04T00:31:58","2025-08-04T00:31:58","5","NULL","NULL","2025-08-04T00:31:58","NULL","d7037c79-621f-40f1-b33d-b1b88ee8cbd3","2","NULL","NULL","2025-08-04T00:31:58","NULL","d7037c79-621f-40f1-b33d-b1b88ee8cbd3","Kghm/yjq5YfKcXqqu8JAcWTD+CQgYtIMt1zpSwL+o3k=","37","2025-08-04T00:31:58","NULL","d7037c79-621f-40f1-b33d-b1b88ee8cbd3","1.0000","1","2025-08-04T00:31:58","NULL","d7037c79-621f-40f1-b33d-b1b88ee8cbd3"
"ef690799-6979-4b62-8734-61e0a35af777","0bdd12cb-f6bd-4c98-95e2-cf04fc02fd6d","4yY3fBLmM3MRhNnCXpeSmYE6X/BHuq2U/W5v2JP9Xp8=","13","e7bfoxvRUG1Nh6zfymruUsKOomgHuWdbliGkJn9tugA=","23","False","2025-07-29T18:57:41","2025-08-04T18:57:27","10","PvPbSfbLIPHZN9eGOuAg+HrOS2hKpPXe+chOGgZ8WRc=","18","2025-07-29T18:57:41","NULL","ad26329b-39a4-46f3-8cae-32973793cca0","1","JCTpbO0GVQzaH/Y1s5wWOMEU58nf4WoIfVA4XJRVRPk=","29","2025-07-29T18:57:41","NULL","ad26329b-39a4-46f3-8cae-32973793cca0","NULL","NULL","NULL","NULL","NULL","20.0000","1","2025-08-04T18:57:22","NULL","ad26329b-39a4-46f3-8cae-32973793cca0"
"2708aa25-957f-4d8b-b5bf-edfad2a1c471","7ff11d8b-70d4-41be-a443-d15b112a31c1","1ZuzzrUYaXsO4zKfMWowB014+Qbc0iPBmzh6FzOf4C4=","50","NULL","NULL","False","2025-08-04T23:03:53","2025-08-04T23:03:53","NULL","NULL","NULL","NULL","NULL","NULL","NULL","NULL","NULL","NULL","NULL","NULL","iPKjFOq7ZNYyo8MpWdL/Dj0LesQvpiaJir1E0/fr/ts=","22","2025-08-04T23:03:53","NULL","d7037c79-621f-40f1-b33d-b1b88ee8cbd3","NULL","NULL","NULL","NULL","NULL"
"5191997c-78aa-454a-8cc2-3d9bf3bd3d47","86d6f1aa-b35c-4e93-9100-d2002b20669b","1ZuzzrUYaXsO4zKfMWowB014+Qbc0iPBmzh6FzOf4C4=","50","NULL","NULL","True","2025-08-04T22:42:26","2025-08-04T22:42:40","3","NULL","NULL","2025-08-04T22:42:26","NULL","ec0181b2-3d68-4dbe-ae4b-4880382e5b3c","NULL","NULL","NULL","NULL","NULL","NULL","phSoeYmkp15Gewi1jOwbBqFIpeJ5uOhMLNFZF31DitM=","11","2025-08-04T22:42:26","NULL","ec0181b2-3d68-4dbe-ae4b-4880382e5b3c","1.0000","1","2025-08-04T22:42:26","NULL","ec0181b2-3d68-4dbe-ae4b-4880382e5b3c"
"dbc7ffda-8629-46a7-ab7d-519488f6a96d","142e83ca-1c9a-420e-bd16-d27a84915355","+tnJCcyBGvw8KvXaHZWrFHr9V3U8fDK0HqTIBPvW8+8=","94","NULL","NULL","True","2025-08-04T22:11:05","2025-08-04T22:11:05","9","NULL","NULL","2025-08-04T22:11:05","NULL","d7037c79-621f-40f1-b33d-b1b88ee8cbd3","2","NULL","NULL","2025-08-04T22:11:05","NULL","d7037c79-621f-40f1-b33d-b1b88ee8cbd3","Kghm/yjq5YfKcXqqu8JAcWTD+CQgYtIMt1zpSwL+o3k=","37","2025-08-04T22:11:05","NULL","d7037c79-621f-40f1-b33d-b1b88ee8cbd3","1.0000","1","2025-08-04T22:11:05","NULL","d7037c79-621f-40f1-b33d-b1b88ee8cbd3"
"72c10726-77aa-4e04-bff6-533efb0928f3","6fee3a0c-84c8-4e48-9fc4-d2b4711423b1","1ZuzzrUYaXsO4zKfMWowB014+Qbc0iPBmzh6FzOf4C4=","50","NULL","NULL","True","2025-08-04T21:30:00","2025-08-04T21:30:00","9","NULL","NULL","2025-08-04T21:30:00","NULL","d7037c79-621f-40f1-b33d-b1b88ee8cbd3","4","NULL","NULL","2025-08-04T21:30:00","NULL","d7037c79-621f-40f1-b33d-b1b88ee8cbd3","Kghm/yjq5YfKcXqqu8JAcWTD+CQgYtIMt1zpSwL+o3k=","37","2025-08-04T21:30:00","NULL","d7037c79-621f-40f1-b33d-b1b88ee8cbd3","1.0000","1","2025-08-04T21:30:00","NULL","d7037c79-621f-40f1-b33d-b1b88ee8cbd3"
"9ba3b3d7-3bdf-4022-a011-feecefa09942","3d02eaf9-eefb-4c0d-8293-d2c459f1f59e","NAkSPeaAEqJvrhTBLfX1G8Mo101NtSPf6zSCmYc8r30=","51","0qBaEeomiq9xoi/dSmcHb0KKQNTcE/5LxCsWS3yDVYw=","19","True","2025-07-03T19:40:27","2025-08-04T16:38:39","1","AYqDrLsG89rezOgYLYn07TNoN3cBYXZj+35jtqk4YT4=","20","2025-07-03T19:40:27","658ddbdd-3951-40ec-be3e-716d4bb7395a","2b73508a-ef15-4347-bf13-715a6dd8cca1","1","AYqDrLsG89rezOgYLYn07TNoN3cBYXZj+35jtqk4YT4=","20","2025-07-03T19:40:27","7cff360e-e3ef-4f42-92d3-becaa493ccd2","2b73508a-ef15-4347-bf13-715a6dd8cca1","VRPni3S/DNI8hz55ciKIjN4k043NI2fS5K8+0i6oIWc=","40","2025-07-03T19:40:27","525e98c2-ac53-4be5-9783-4f81186cfd86","2b73508a-ef15-4347-bf13-715a6dd8cca1","10000.0000","1","2025-08-04T16:38:39","9c483ef3-9b78-4967-b21b-499c8cf91a06","2b73508a-ef15-4347-bf13-715a6dd8cca1"
"8d626cb3-3c07-4efa-bc99-e35cfd7a960d","f2e5e5fc-4577-46fb-9668-011ed4096445","1ZuzzrUYaXsO4zKfMWowB014+Qbc0iPBmzh6FzOf4C4=","50","NULL","NULL","True","2025-08-04T00:29:34","2025-08-04T00:29:39","9","NULL","NULL","2025-08-04T00:29:34","NULL","d7037c79-621f-40f1-b33d-b1b88ee8cbd3","2","NULL","NULL","2025-08-04T00:29:34","NULL","d7037c79-621f-40f1-b33d-b1b88ee8cbd3","Kghm/yjq5YfKcXqqu8JAcWTD+CQgYtIMt1zpSwL+o3k=","37","2025-08-04T00:29:34","NULL","d7037c79-621f-40f1-b33d-b1b88ee8cbd3","1.0000","1","2025-08-04T00:29:34","NULL","d7037c79-621f-40f1-b33d-b1b88ee8cbd3"
"ecb4e07a-af04-4546-914b-b2b18ae39186","0a702146-d2b5-4dbf-862a-10f4c292dd77","n/3Kzs5UCsknVQFTGsXuj3xtR38EqIp8H54G44EG5Zc=","14","NULL","NULL","False","2025-08-04T20:45:15","2025-08-04T20:45:15","7","xqHrGMZ0pnYFO0auzYCjGPaKlUTPHKIOD2rvfFnVf3I=","50","2025-08-04T20:45:15","6d924f48-e519-4193-80d3-eeaba9052d77","d7037c79-621f-40f1-b33d-b1b88ee8cbd3","5","NULL","NULL","2025-08-04T20:45:15","6d924f48-e519-4193-80d3-eeaba9052d77","d7037c79-621f-40f1-b33d-b1b88ee8cbd3","2j7aOLzibU25Hs/B5JlqYiD+gDg7TQmUmdZhRTQlo9E=","34","2025-08-04T20:45:15","NULL","d7037c79-621f-40f1-b33d-b1b88ee8cbd3","281.4100","1","2025-08-04T20:45:15","NULL","d7037c79-621f-40f1-b33d-b1b88ee8cbd3"
"1c1c190d-32db-4c6f-b1f8-93d701a1d878","3cfe8297-4b72-415a-bb40-11082c4379fe","duTwuIQLy/q0AhE6zPagjDdKJ0vFyW/9AW7CI7Oa5KM=","51","0qBaEeomiq9xoi/dSmcHb0KKQNTcE/5LxCsWS3yDVYw=","19","True","2025-07-31T02:32:37","2025-08-04T16:38:40","1","AYqDrLsG89rezOgYLYn07TNoN3cBYXZj+35jtqk4YT4=","20","2025-07-31T02:32:37","2259f7e9-6fa7-47de-bce2-335f15219a2a","2b73508a-ef15-4347-bf13-715a6dd8cca1","1","AYqDrLsG89rezOgYLYn07TNoN3cBYXZj+35jtqk4YT4=","20","2025-07-31T02:32:37","5e60b1b4-1454-491d-a27a-ec34aaff48d3","2b73508a-ef15-4347-bf13-715a6dd8cca1","VRPni3S/DNI8hz55ciKIjN4k043NI2fS5K8+0i6oIWc=","40","2025-07-31T02:32:37","425f6f16-f7c2-4c3e-a18e-489909c5b608","2b73508a-ef15-4347-bf13-715a6dd8cca1","10000.0000","1","2025-08-04T16:38:40","e92a09b2-2a69-4e93-bf02-001f517ffee6","2b73508a-ef15-4347-bf13-715a6dd8cca1"
"402c12e6-d00c-40b0-8c16-b55bbe3fe768","98994318-cec1-4929-9c49-140060f6afc6","+tnJCcyBGvw8KvXaHZWrFHr9V3U8fDK0HqTIBPvW8+8=","94","NULL","NULL","True","2025-08-04T22:15:39","2025-08-04T22:15:39","6","NULL","NULL","2025-08-04T22:15:39","NULL","d7037c79-621f-40f1-b33d-b1b88ee8cbd3","4","NULL","NULL","2025-08-04T22:15:39","NULL","d7037c79-621f-40f1-b33d-b1b88ee8cbd3","Kghm/yjq5YfKcXqqu8JAcWTD+CQgYtIMt1zpSwL+o3k=","37","2025-08-04T22:15:39","NULL","d7037c79-621f-40f1-b33d-b1b88ee8cbd3","1.0000","1","2025-08-04T22:15:39","NULL","d7037c79-621f-40f1-b33d-b1b88ee8cbd3"
"972c3cbc-1773-4621-8752-3f31aa815753","086cd4a3-6b26-4076-be7d-52377d52bc7c","1ZuzzrUYaXsO4zKfMWowB014+Qbc0iPBmzh6FzOf4C4=","50","NULL","NULL","False","2025-08-04T21:31:33","2025-08-04T21:31:33","6","NULL","NULL","2025-08-04T21:31:33","NULL","d7037c79-621f-40f1-b33d-b1b88ee8cbd3","NULL","NULL","NULL","NULL","NULL","NULL","NULL","NULL","NULL","NULL","NULL","NULL","NULL","NULL","NULL","NULL"
"8a57bf56-2778-4a58-8e85-9e58bfa83730","f2250ddd-2698-4f8d-9eef-5686e0c5fa85","1ZuzzrUYaXsO4zKfMWowB014+Qbc0iPBmzh6FzOf4C4=","50","NULL","NULL","False","2025-08-04T23:19:39","2025-08-04T23:19:42","4","NULL","NULL","2025-08-04T23:19:42","NULL","d7037c79-621f-40f1-b33d-b1b88ee8cbd3","NULL","NULL","NULL","NULL","NULL","NULL","NULL","NULL","NULL","NULL","NULL","NULL","NULL","NULL","NULL","NULL"
"e73736ed-713b-4995-b436-894e19d08ebe","7500ca62-3e94-4f37-89d8-92ba9512e03a","3qn10bYLB3SyWxVgjZZgc2Fdy4q+oyW/eHazHCgSMYI=","9","NULL","NULL","False","2025-08-04T02:09:09","2025-08-04T02:09:09","NULL","NULL","NULL","NULL","NULL","NULL","NULL","NULL","NULL","NULL","NULL","NULL","HI6FEXbyxnp+uu+onjVD64ppdRaZbpC8xR6xaaSoGU8=","45","2025-08-04T02:09:09","b320dc32-2e96-4a89-8cbe-7194b126dea5","5e3842be-9bec-42b7-9d89-37a375c11b31","NULL","NULL","NULL","NULL","NULL"
"fd13fe28-72b8-4524-be98-7e5427e009cd","16b32084-12f5-4d03-bfa3-d39c9b065bdd","1ZuzzrUYaXsO4zKfMWowB014+Qbc0iPBmzh6FzOf4C4=","50","NULL","NULL","False","2025-08-04T21:33:32","2025-08-04T21:33:32","NULL","NULL","NULL","NULL","NULL","NULL","NULL","NULL","NULL","NULL","NULL","NULL","hjuuAyP4WhZlibhyBbyAL7hmT9WqPZvRZa5ByMZANno=","13","2025-08-04T21:33:32","NULL","d7037c79-621f-40f1-b33d-b1b88ee8cbd3","NULL","NULL","NULL","NULL","NULL"
"682e6fcc-a8e9-4c64-ba73-85d7cc3b9ea2","a5724638-2753-4875-82af-d629ce8d0ede","+tnJCcyBGvw8KvXaHZWrFHr9V3U8fDK0HqTIBPvW8+8=","94","NULL","NULL","True","2025-08-04T22:07:07","2025-08-04T22:07:07","1","NULL","NULL","2025-08-04T22:07:07","NULL","d7037c79-621f-40f1-b33d-b1b88ee8cbd3","2","NULL","NULL","2025-08-04T22:07:07","NULL","d7037c79-621f-40f1-b33d-b1b88ee8cbd3","Kghm/yjq5YfKcXqqu8JAcWTD+CQgYtIMt1zpSwL+o3k=","37","2025-08-04T22:07:07","NULL","d7037c79-621f-40f1-b33d-b1b88ee8cbd3","1.0000","1","2025-08-04T22:07:07","NULL","d7037c79-621f-40f1-b33d-b1b88ee8cbd3"
"1e4dbca0-2b13-45eb-9f5a-c7af3b2b998d","d09dccc4-017c-4c52-8359-d7995b088f74","n/3Kzs5UCsknVQFTGsXuj3xtR38EqIp8H54G44EG5Zc=","14","NULL","NULL","False","2025-08-04T20:47:10","2025-08-04T20:47:10","7","4hFM9FkeSIVr2G0JVj12XKnuh4XGH7StOw6RVB+IbwQ=","50","2025-08-04T20:47:10","15db3d37-9b8e-4a02-9895-247981778940","d7037c79-621f-40f1-b33d-b1b88ee8cbd3","5","NULL","NULL","2025-08-04T20:47:10","15db3d37-9b8e-4a02-9895-247981778940","d7037c79-621f-40f1-b33d-b1b88ee8cbd3","Irdfupx3LwQbFVIX3t+YgLe0wfDxsk2i+orI2SpLmjg=","33","2025-08-04T20:47:10","NULL","d7037c79-621f-40f1-b33d-b1b88ee8cbd3","281.4100","1","2025-08-04T20:47:10","NULL","d7037c79-621f-40f1-b33d-b1b88ee8cbd3"
"285a4182-8fa6-4169-8c9c-118fed32b6a4","aab6d35b-f76c-46e0-bbed-d7ed0447a3a3","1ZuzzrUYaXsO4zKfMWowB014+Qbc0iPBmzh6FzOf4C4=","50","NULL","NULL","False","2025-08-04T23:17:50","2025-08-04T23:17:50","6","NULL","NULL","2025-08-04T23:17:50","NULL","d7037c79-621f-40f1-b33d-b1b88ee8cbd3","NULL","NULL","NULL","NULL","NULL","NULL","NULL","NULL","NULL","NULL","NULL","NULL","NULL","NULL","NULL","NULL"
"0c8e6665-130e-4ba7-a660-ced5cf218866","ec3c2169-271b-4cb6-9df7-168e0ed4fa49","1ZuzzrUYaXsO4zKfMWowB014+Qbc0iPBmzh6FzOf4C4=","50","NULL","NULL","True","2025-08-04T22:12:37","2025-08-04T22:12:37","1","NULL","NULL","2025-08-04T22:12:37","NULL","d7037c79-621f-40f1-b33d-b1b88ee8cbd3","1","NULL","NULL","2025-08-04T22:12:37","NULL","d7037c79-621f-40f1-b33d-b1b88ee8cbd3","Kghm/yjq5YfKcXqqu8JAcWTD+CQgYtIMt1zpSwL+o3k=","37","2025-08-04T22:12:37","NULL","d7037c79-621f-40f1-b33d-b1b88ee8cbd3","1.0000","1","2025-08-04T22:12:37","NULL","d7037c79-621f-40f1-b33d-b1b88ee8cbd3"
"b3349fb4-a63e-496d-a588-5c23dd7f29da","5ad6c572-db86-4c39-9614-1735154d1725","1ZuzzrUYaXsO4zKfMWowB014+Qbc0iPBmzh6FzOf4C4=","50","NULL","NULL","False","2025-08-04T20:32:47","2025-08-04T20:32:49","7","KqVGbxi39Wa2G2Wvy19EYXpKeNHoJwFucQ+T3oKxq5Y=","44","2025-08-04T20:32:47","NULL","d7037c79-621f-40f1-b33d-b1b88ee8cbd3","5","NULL","NULL","2025-08-04T20:32:49","NULL","d7037c79-621f-40f1-b33d-b1b88ee8cbd3","NULL","NULL","NULL","NULL","NULL","NULL","NULL","NULL","NULL","NULL"
"47a042a1-a635-4634-9f4e-2363e554eb82","5ac1fe06-d99f-4e42-b52d-25e05f1f7f9d","KZR/QVrX64NiK76WDu+PLqzMq4Ape7ctV3lGkT0IY0M=","40","NULL","NULL","True","2025-07-29T20:51:58","2025-08-04T21:47:41","3","NULL","NULL","2025-07-29T20:51:58","NULL","ec0181b2-3d68-4dbe-ae4b-4880382e5b3c","4","NULL","NULL","2025-07-29T20:51:58","NULL","ec0181b2-3d68-4dbe-ae4b-4880382e5b3c","phSoeYmkp15Gewi1jOwbBqFIpeJ5uOhMLNFZF31DitM=","11","2025-07-29T20:51:58","NULL","ec0181b2-3d68-4dbe-ae4b-4880382e5b3c","2500.0000","1","2025-07-29T20:51:58","NULL","ec0181b2-3d68-4dbe-ae4b-4880382e5b3c"
"fa03ef8e-867e-482f-b4ab-19215c3ca7a7","fbb69bda-cdfa-4494-af5a-5153c0252595","1ZuzzrUYaXsO4zKfMWowB014+Qbc0iPBmzh6FzOf4C4=","50","NULL","NULL","False","2025-08-04T23:18:44","2025-08-04T23:18:48","5","NULL","NULL","2025-08-04T23:18:48","NULL","d7037c79-621f-40f1-b33d-b1b88ee8cbd3","NULL","NULL","NULL","NULL","NULL","NULL","NULL","NULL","NULL","NULL","NULL","NULL","NULL","NULL","NULL","NULL"
"e0f4536d-14e9-4228-8306-7a60a1f2d94b","7c7048a8-7865-476d-8e8c-66b1c3980383","R5TpC+CsOL63LnnZQIqDUnn3EWxgPXFR9zdKDSsA0ak=","51","s7osyElDqMqk0bBCxai/JMOXIgQ4VlicvRPizZgyamA=","70","False","2024-04-04T20:45:41","2025-08-04T16:40:26","2","KbPho/GOgR0QC8X3WVSdrqQdbwsSLvmbaOmqENHOBdQ=","20","2025-08-04T16:40:26","5bad0891-3504-41bd-9261-81c44ec1cc02","ad26329b-39a4-46f3-8cae-32973793cca0","5","8C9ps2aWym4x8GhWDscnAiqLtbpR/E2i84KSQ1EC/GE=","44","2025-08-04T16:40:26","5591f363-43b0-42ab-a4ee-5b5ff7ef570c","ad26329b-39a4-46f3-8cae-32973793cca0","VRPni3S/DNI8hz55ciKIjN4k043NI2fS5K8+0i6oIWc=","40","2024-04-04T20:45:41","285c25fc-5aca-49e4-b986-6db0d7d95015","ad26329b-39a4-46f3-8cae-32973793cca0","10000.0000","1","2025-08-04T16:40:19","607f73cf-d33e-4a48-bd51-2004a01045ed","ad26329b-39a4-46f3-8cae-32973793cca0"
"9a8d60ab-5226-45c4-84d9-44270327b33b","64cbbbdf-c69f-4071-8350-997ad9f4e024","fl+yy8Fad9aCb+704v7RapF1Kfei+S1T1nxGqlM0hPI=","84","NULL","NULL","True","2025-07-29T22:01:12","2025-08-04T22:52:02","6","NULL","NULL","2025-08-04T22:51:23","NULL","f9fb7609-b094-484f-a809-17d2de42944f","1","NULL","NULL","2025-08-04T22:51:23","NULL","f9fb7609-b094-484f-a809-17d2de42944f","SG/KTCbLxttq7P8pp+30ml5cKikXKwWKNxXgsj8HT7w=","24","2025-07-29T22:01:12","NULL","f9fb7609-b094-484f-a809-17d2de42944f","10.0000","1","2025-08-04T00:26:27","NULL","f9fb7609-b094-484f-a809-17d2de42944f"
"35f37f60-07be-4b10-b72d-ab89786982bf","ccc89229-e7a0-4a92-9d22-9a6194a99354","+tnJCcyBGvw8KvXaHZWrFHr9V3U8fDK0HqTIBPvW8+8=","94","NULL","NULL","True","2025-08-04T00:32:54","2025-08-04T00:32:54","1","NULL","NULL","2025-08-04T00:32:54","NULL","d7037c79-621f-40f1-b33d-b1b88ee8cbd3","1","NULL","NULL","2025-08-04T00:32:54","NULL","d7037c79-621f-40f1-b33d-b1b88ee8cbd3","Kghm/yjq5YfKcXqqu8JAcWTD+CQgYtIMt1zpSwL+o3k=","37","2025-08-04T00:32:54","NULL","d7037c79-621f-40f1-b33d-b1b88ee8cbd3","1.0000","1","2025-08-04T00:32:54","NULL","d7037c79-621f-40f1-b33d-b1b88ee8cbd3"
"db9591db-e633-4cf7-81f0-4262dee0c062","ae667591-d138-4702-b4cc-9f87bd9c9453","1ZuzzrUYaXsO4zKfMWowB014+Qbc0iPBmzh6FzOf4C4=","50","NULL","NULL","True","2025-08-04T22:56:50","2025-08-04T22:56:50","6","NULL","NULL","2025-08-04T22:56:50","NULL","d7037c79-621f-40f1-b33d-b1b88ee8cbd3","1","NULL","NULL","2025-08-04T22:56:50","NULL","d7037c79-621f-40f1-b33d-b1b88ee8cbd3","Kghm/yjq5YfKcXqqu8JAcWTD+CQgYtIMt1zpSwL+o3k=","37","2025-08-04T22:56:50","NULL","d7037c79-621f-40f1-b33d-b1b88ee8cbd3","1.0000","1","2025-08-04T22:56:50","NULL","d7037c79-621f-40f1-b33d-b1b88ee8cbd3"
"ce725bcf-e330-4b46-a16a-d89d4a5946b5","9fc1d031-4d61-4908-a626-dd11af7f0504","1ZuzzrUYaXsO4zKfMWowB014+Qbc0iPBmzh6FzOf4C4=","50","NULL","NULL","True","2025-08-04T00:37:01","2025-08-04T00:37:01","3","NULL","NULL","2025-08-04T00:37:01","NULL","ec0181b2-3d68-4dbe-ae4b-4880382e5b3c","NULL","NULL","NULL","NULL","NULL","NULL","phSoeYmkp15Gewi1jOwbBqFIpeJ5uOhMLNFZF31DitM=","11","2025-08-04T00:37:01","NULL","ec0181b2-3d68-4dbe-ae4b-4880382e5b3c","1.0000","1","2025-08-04T00:37:01","NULL","ec0181b2-3d68-4dbe-ae4b-4880382e5b3c"
"cb87a2a3-9d71-4c15-bccd-ed54f305b90b","cfb0326b-aca9-435c-8772-e240ef1a044a","1ZuzzrUYaXsO4zKfMWowB014+Qbc0iPBmzh6FzOf4C4=","50","NULL","NULL","True","2025-08-04T00:33:50","2025-08-04T00:33:50","7","NULL","NULL","2025-08-04T00:33:50","NULL","d7037c79-621f-40f1-b33d-b1b88ee8cbd3","4","NULL","NULL","2025-08-04T00:33:50","NULL","d7037c79-621f-40f1-b33d-b1b88ee8cbd3","Kghm/yjq5YfKcXqqu8JAcWTD+CQgYtIMt1zpSwL+o3k=","37","2025-08-04T00:33:50","NULL","d7037c79-621f-40f1-b33d-b1b88ee8cbd3","1.0000","1","2025-08-04T00:33:50","NULL","d7037c79-621f-40f1-b33d-b1b88ee8cbd3"
"d03e2301-9c4b-4c24-85ba-9f5b7c3d70cf","763a842b-62c8-4106-bf9c-e32dec9c9939","+tnJCcyBGvw8KvXaHZWrFHr9V3U8fDK0HqTIBPvW8+8=","94","NULL","NULL","True","2025-08-04T22:06:02","2025-08-04T22:06:02","6","NULL","NULL","2025-08-04T22:06:02","NULL","d7037c79-621f-40f1-b33d-b1b88ee8cbd3","4","NULL","NULL","2025-08-04T22:06:02","NULL","d7037c79-621f-40f1-b33d-b1b88ee8cbd3","Kghm/yjq5YfKcXqqu8JAcWTD+CQgYtIMt1zpSwL+o3k=","37","2025-08-04T22:06:02","NULL","d7037c79-621f-40f1-b33d-b1b88ee8cbd3","1.0000","1","2025-08-04T22:06:02","NULL","d7037c79-621f-40f1-b33d-b1b88ee8cbd3"
"f6a4432c-d0ae-426d-8873-e4d586619012","52b49bea-b24c-464d-bf9c-03ac46070f44","+tnJCcyBGvw8KvXaHZWrFHr9V3U8fDK0HqTIBPvW8+8=","94","NULL","NULL","True","2025-08-04T22:57:49","2025-08-04T22:57:49","9","NULL","NULL","2025-08-04T22:57:49","NULL","d7037c79-621f-40f1-b33d-b1b88ee8cbd3","1","NULL","NULL","2025-08-04T22:57:49","NULL","d7037c79-621f-40f1-b33d-b1b88ee8cbd3","Kghm/yjq5YfKcXqqu8JAcWTD+CQgYtIMt1zpSwL+o3k=","37","2025-08-04T22:57:49","NULL","d7037c79-621f-40f1-b33d-b1b88ee8cbd3","1.0000","1","2025-08-04T22:57:49","NULL","d7037c79-621f-40f1-b33d-b1b88ee8cbd3"
"4597ff83-b5de-4dd5-a95c-26574b3e7034","e7236390-86ec-4a91-8b29-14b8892228c8","OTVG1sVA8fkpq20lxhzkWZptbnp6vaT+2El9LwfAk9Y=","13","QOh0oUFASvi9evwznd3914IN6mEqEjh6VxwkqoStPRE=","23","False","2025-07-29T18:57:50","2025-08-04T18:57:32","6","PvPbSfbLIPHZN9eGOuAg+HrOS2hKpPXe+chOGgZ8WRc=","18","2025-07-29T18:57:50","NULL","e4a1435d-938a-4b57-8624-2d40da185309","5","JCTpbO0GVQzaH/Y1s5wWOMEU58nf4WoIfVA4XJRVRPk=","29","2025-07-29T18:57:50","NULL","e4a1435d-938a-4b57-8624-2d40da185309","NULL","NULL","NULL","NULL","NULL","320.0000","1","2025-08-04T18:57:30","NULL","e4a1435d-938a-4b57-8624-2d40da185309"
"1adf4cbf-bdb1-4dfa-9073-2b6657988e24","78a4aa48-a0e3-450a-a332-2a96921cf3f3","5L4oQcjUq/9z8mZ8gNsCu3u4o6kGiFXZllvUst9Nl+8=","51","UwDiHcrj+KZ0PAbilHADmHI6X5M5jXFwbpt06Zk798s=","70","True","2025-01-20T11:33:50","2025-08-04T21:42:34","9","7R2SQEM7XQTB6kSPQ3tLHgMPw/15Vrm3/wh8valteqo=","20","2025-07-29T20:45:08","5bad0891-3504-41bd-9261-81c44ec1cc02","2b73508a-ef15-4347-bf13-715a6dd8cca1","1","AYqDrLsG89rezOgYLYn07TNoN3cBYXZj+35jtqk4YT4=","20","2025-07-29T20:45:08","5591f363-43b0-42ab-a4ee-5b5ff7ef570c","2b73508a-ef15-4347-bf13-715a6dd8cca1","VRPni3S/DNI8hz55ciKIjN4k043NI2fS5K8+0i6oIWc=","40","2025-07-29T20:45:08","285c25fc-5aca-49e4-b986-6db0d7d95015","2b73508a-ef15-4347-bf13-715a6dd8cca1","10000.0000","1","2025-08-04T21:42:34","607f73cf-d33e-4a48-bd51-2004a01045ed","2b73508a-ef15-4347-bf13-715a6dd8cca1"
"f639c6c6-62ba-4454-8515-96ba0616faf2","82769124-0dbc-4530-8f0d-2b2ef80aa06e","+tnJCcyBGvw8KvXaHZWrFHr9V3U8fDK0HqTIBPvW8+8=","94","NULL","NULL","False","2025-08-04T23:04:23","2025-08-04T23:04:23","NULL","NULL","NULL","NULL","NULL","NULL","NULL","NULL","NULL","NULL","NULL","NULL","iPKjFOq7ZNYyo8MpWdL/Dj0LesQvpiaJir1E0/fr/ts=","22","2025-08-04T23:04:23","NULL","d7037c79-621f-40f1-b33d-b1b88ee8cbd3","NULL","NULL","NULL","NULL","NULL"
"377706c9-db14-4b72-8c6c-d533cfaa9aeb","9cb51f86-529c-49a6-b16d-334d14e04717","7TQR0SYxgnbzsGsBceiiVfTTdeHjmRToltksred09Zw=","31","NULL","NULL","False","2025-07-29T21:21:56","2025-08-04T23:14:50","6","NULL","NULL","2025-08-04T23:14:50","NULL","d7037c79-621f-40f1-b33d-b1b88ee8cbd3","NULL","NULL","NULL","NULL","NULL","NULL","kdRnuWY3VYU63CF/Tsu+kzpJafaG7nJWi0dBLy8azvc=","76","2025-08-04T23:05:53","NULL","d7037c79-621f-40f1-b33d-b1b88ee8cbd3","NULL","NULL","NULL","NULL","NULL"
"c9753067-eac6-4119-ac73-022fa8f82cbc","6e0d8769-65a3-4029-8ff7-40a452a1937c","1ZuzzrUYaXsO4zKfMWowB014+Qbc0iPBmzh6FzOf4C4=","50","NULL","NULL","True","2025-08-04T22:24:26","2025-08-04T22:24:26","9","NULL","NULL","2025-08-04T22:24:26","NULL","d7037c79-621f-40f1-b33d-b1b88ee8cbd3","1","NULL","NULL","2025-08-04T22:24:26","NULL","d7037c79-621f-40f1-b33d-b1b88ee8cbd3","NULL","NULL","NULL","NULL","NULL","1.0000","1","2025-08-04T22:24:26","NULL","d7037c79-621f-40f1-b33d-b1b88ee8cbd3"
"20f496f3-a239-4041-b0c0-e99d80cdbd76","b9371e28-f75c-431d-b1a3-a193d2b163c1","n/3Kzs5UCsknVQFTGsXuj3xtR38EqIp8H54G44EG5Zc=","14","NULL","NULL","False","2025-08-04T20:31:00","2025-08-04T20:31:00","NULL","NULL","NULL","NULL","NULL","NULL","5","NULL","NULL","2025-08-04T20:31:00","b0f8be25-69d8-4446-81be-ae244c2428ba","d7037c79-621f-40f1-b33d-b1b88ee8cbd3","NULL","NULL","NULL","NULL","NULL","NULL","NULL","NULL","NULL","NULL"
"d146ea27-54ed-427c-ace7-455628f1bc4a","af60151b-f45e-4e11-9a7a-a566681eef8e","OdtiQCBL8Br8QW+Y9aL5bVAyr8L9cWqVr2tjfFb9YrA=","23","NULL","NULL","False","2025-07-30T05:41:03","2025-08-04T06:23:41","6","u4gIxxMY+WLMoaHl5WEujlm8MQH+SEWMMdG06Wg8W3o=","22","2025-08-04T06:23:41","8d542619-d918-4ee9-a2ed-d8cb7742c744","8331d383-356e-4fae-abb2-4b16e7950d76","NULL","NULL","NULL","NULL","NULL","NULL","NULL","NULL","NULL","NULL","NULL","NULL","NULL","NULL","NULL","NULL"
"232b79f7-a090-40e0-8014-3e5611fbd466","9170974c-b5bb-48a9-9267-e6c91200a733","GN6GIf4+OSW92exHe+Swl0yfvku3iApKCpn6UGynuew=","18","NULL","NULL","True","2025-07-29T20:53:30","2025-08-04T21:49:21","3","NULL","NULL","2025-07-29T20:53:30","NULL","ec0181b2-3d68-4dbe-ae4b-4880382e5b3c","4","NULL","NULL","2025-07-29T20:53:30","NULL","ec0181b2-3d68-4dbe-ae4b-4880382e5b3c","phSoeYmkp15Gewi1jOwbBqFIpeJ5uOhMLNFZF31DitM=","11","2025-07-29T20:53:30","NULL","ec0181b2-3d68-4dbe-ae4b-4880382e5b3c","2500.0000","1","2025-07-29T20:53:30","NULL","ec0181b2-3d68-4dbe-ae4b-4880382e5b3c"
"a8f23275-3a69-4368-a880-4ef7b22669b0","1efb8140-85c0-45f1-940c-e86777734529","1ZuzzrUYaXsO4zKfMWowB014+Qbc0iPBmzh6FzOf4C4=","50","NULL","NULL","True","2025-08-04T22:23:40","2025-08-04T22:23:40","3","NULL","NULL","2025-08-04T22:23:40","NULL","d7037c79-621f-40f1-b33d-b1b88ee8cbd3","NULL","NULL","NULL","NULL","NULL","NULL","Kghm/yjq5YfKcXqqu8JAcWTD+CQgYtIMt1zpSwL+o3k=","37","2025-08-04T22:23:40","NULL","d7037c79-621f-40f1-b33d-b1b88ee8cbd3","1.0000","1","2025-08-04T22:23:40","NULL","d7037c79-621f-40f1-b33d-b1b88ee8cbd3"
"0685a455-962e-433d-9f47-1732dacbfd46","2c3a303d-87c1-4ad7-8a52-033c4a30ac46","1ZuzzrUYaXsO4zKfMWowB014+Qbc0iPBmzh6FzOf4C4=","50","NULL","NULL","True","2025-08-04T22:03:02","2025-08-04T22:03:14","8","NULL","NULL","2025-08-04T22:03:14","NULL","d7037c79-621f-40f1-b33d-b1b88ee8cbd3","5","NULL","NULL","2025-08-04T22:03:14","NULL","d7037c79-621f-40f1-b33d-b1b88ee8cbd3","Kghm/yjq5YfKcXqqu8JAcWTD+CQgYtIMt1zpSwL+o3k=","37","2025-08-04T22:03:14","NULL","d7037c79-621f-40f1-b33d-b1b88ee8cbd3","1.0000","1","2025-08-04T22:03:14","NULL","d7037c79-621f-40f1-b33d-b1b88ee8cbd3"
"f46377a6-9d2f-479e-98fc-c8a71545231a","e8d60a9f-b123-4c86-99d7-033f5e50b972","+tnJCcyBGvw8KvXaHZWrFHr9V3U8fDK0HqTIBPvW8+8=","94","NULL","NULL","True","2025-08-04T22:05:01","2025-08-04T22:05:01","4","NULL","NULL","2025-08-04T22:05:01","NULL","d7037c79-621f-40f1-b33d-b1b88ee8cbd3","3","NULL","NULL","2025-08-04T22:05:01","NULL","d7037c79-621f-40f1-b33d-b1b88ee8cbd3","Kghm/yjq5YfKcXqqu8JAcWTD+CQgYtIMt1zpSwL+o3k=","37","2025-08-04T22:05:01","NULL","d7037c79-621f-40f1-b33d-b1b88ee8cbd3","1.0000","1","2025-08-04T22:05:01","NULL","d7037c79-621f-40f1-b33d-b1b88ee8cbd3"
"2b67ef4c-9e93-4c2a-8673-a90f16a910b6","7e4fec94-01f5-4d04-ba8d-453deb804d54","OTVG1sVA8fkpq20lxhzkWZptbnp6vaT+2El9LwfAk9Y=","13","e7bfoxvRUG1Nh6zfymruUsKOomgHuWdbliGkJn9tugA=","23","False","2025-07-29T18:57:19","2025-08-04T18:57:27","6","PvPbSfbLIPHZN9eGOuAg+HrOS2hKpPXe+chOGgZ8WRc=","18","2025-07-29T18:57:19","NULL","ad26329b-39a4-46f3-8cae-32973793cca0","5","JCTpbO0GVQzaH/Y1s5wWOMEU58nf4WoIfVA4XJRVRPk=","29","2025-07-29T18:57:19","NULL","ad26329b-39a4-46f3-8cae-32973793cca0","NULL","NULL","NULL","NULL","NULL","320.0000","1","2025-08-04T18:57:01","NULL","ad26329b-39a4-46f3-8cae-32973793cca0"
"32942f7a-795b-4ece-a87a-356b9643ff74","539eee5a-b913-4a02-bac3-53803169cad2","+tnJCcyBGvw8KvXaHZWrFHr9V3U8fDK0HqTIBPvW8+8=","94","NULL","NULL","True","2025-08-04T22:17:46","2025-08-04T22:17:46","3","NULL","NULL","2025-08-04T22:17:46","NULL","d7037c79-621f-40f1-b33d-b1b88ee8cbd3","2","NULL","NULL","2025-08-04T22:17:46","NULL","d7037c79-621f-40f1-b33d-b1b88ee8cbd3","Kghm/yjq5YfKcXqqu8JAcWTD+CQgYtIMt1zpSwL+o3k=","37","2025-08-04T22:17:46","NULL","d7037c79-621f-40f1-b33d-b1b88ee8cbd3","1.0000","1","2025-08-04T22:17:46","NULL","d7037c79-621f-40f1-b33d-b1b88ee8cbd3"
"ede31d6d-6044-4d3d-b4f8-4df801240bbc","fa802bb8-6401-43f1-9a04-6eb318e53bd2","+tnJCcyBGvw8KvXaHZWrFHr9V3U8fDK0HqTIBPvW8+8=","94","NULL","NULL","True","2025-08-04T22:14:39","2025-08-04T22:14:39","6","NULL","NULL","2025-08-04T22:14:39","NULL","d7037c79-621f-40f1-b33d-b1b88ee8cbd3","1","NULL","NULL","2025-08-04T22:14:39","NULL","d7037c79-621f-40f1-b33d-b1b88ee8cbd3","Kghm/yjq5YfKcXqqu8JAcWTD+CQgYtIMt1zpSwL+o3k=","37","2025-08-04T22:14:39","NULL","d7037c79-621f-40f1-b33d-b1b88ee8cbd3","1.0000","1","2025-08-04T22:14:39","NULL","d7037c79-621f-40f1-b33d-b1b88ee8cbd3"
"021dbe3a-8fea-40f1-944d-244e335121e8","721cc6af-69d5-400a-a60b-a8080f6abbca","1ZuzzrUYaXsO4zKfMWowB014+Qbc0iPBmzh6FzOf4C4=","50","NULL","NULL","True","2025-08-04T22:16:43","2025-08-04T22:16:43","2","NULL","NULL","2025-08-04T22:16:43","NULL","d7037c79-621f-40f1-b33d-b1b88ee8cbd3","3","NULL","NULL","2025-08-04T22:16:43","NULL","d7037c79-621f-40f1-b33d-b1b88ee8cbd3","Kghm/yjq5YfKcXqqu8JAcWTD+CQgYtIMt1zpSwL+o3k=","37","2025-08-04T22:16:43","NULL","d7037c79-621f-40f1-b33d-b1b88ee8cbd3","1.0000","1","2025-08-04T22:16:43","NULL","d7037c79-621f-40f1-b33d-b1b88ee8cbd3"
"3444bb4a-5606-49a4-95f2-b9474fa45c5a","29729130-b300-4cf5-aad4-acb99a4fac88","1ZuzzrUYaXsO4zKfMWowB014+Qbc0iPBmzh6FzOf4C4=","50","NULL","NULL","True","2025-08-04T22:04:03","2025-08-04T22:04:03","7","NULL","NULL","2025-08-04T22:04:03","NULL","d7037c79-621f-40f1-b33d-b1b88ee8cbd3","3","NULL","NULL","2025-08-04T22:04:03","NULL","d7037c79-621f-40f1-b33d-b1b88ee8cbd3","Kghm/yjq5YfKcXqqu8JAcWTD+CQgYtIMt1zpSwL+o3k=","37","2025-08-04T22:04:03","NULL","d7037c79-621f-40f1-b33d-b1b88ee8cbd3","1.0000","1","2025-08-04T22:04:03","NULL","d7037c79-621f-40f1-b33d-b1b88ee8cbd3"
"691e6368-3f42-4088-b542-ac33ac340ac2","5886b4c0-4b0f-413c-94e2-af8d68cf00cf","1ZuzzrUYaXsO4zKfMWowB014+Qbc0iPBmzh6FzOf4C4=","50","NULL","NULL","True","2025-08-04T00:17:10","2025-08-04T00:17:24","3","NULL","NULL","2025-08-04T00:17:10","NULL","ec0181b2-3d68-4dbe-ae4b-4880382e5b3c","NULL","NULL","NULL","NULL","NULL","NULL","phSoeYmkp15Gewi1jOwbBqFIpeJ5uOhMLNFZF31DitM=","11","2025-08-04T00:17:10","NULL","ec0181b2-3d68-4dbe-ae4b-4880382e5b3c","1.0000","1","2025-08-04T00:17:10","NULL","ec0181b2-3d68-4dbe-ae4b-4880382e5b3c"
"5c7bdd8d-08f4-451a-be81-5f62f8fafb24","8883f1b6-c898-4ab4-9b1c-f451cc05fa20","+tnJCcyBGvw8KvXaHZWrFHr9V3U8fDK0HqTIBPvW8+8=","94","NULL","NULL","True","2025-08-04T22:18:52","2025-08-04T22:18:52","3","NULL","NULL","2025-08-04T22:18:52","NULL","d7037c79-621f-40f1-b33d-b1b88ee8cbd3","1","NULL","NULL","2025-08-04T22:18:52","NULL","d7037c79-621f-40f1-b33d-b1b88ee8cbd3","Kghm/yjq5YfKcXqqu8JAcWTD+CQgYtIMt1zpSwL+o3k=","37","2025-08-04T22:18:52","NULL","d7037c79-621f-40f1-b33d-b1b88ee8cbd3","1.0000","1","2025-08-04T22:18:52","NULL","d7037c79-621f-40f1-b33d-b1b88ee8cbd3"
"302cf215-0064-4cc5-8705-9b4e58634167","6ee2e459-63db-4553-acc8-1219db0e45e0","1ZuzzrUYaXsO4zKfMWowB014+Qbc0iPBmzh6FzOf4C4=","50","NULL","NULL","True","2025-08-04T22:54:27","2025-08-04T22:54:32","6","NULL","NULL","2025-08-04T22:54:27","NULL","d7037c79-621f-40f1-b33d-b1b88ee8cbd3","1","NULL","NULL","2025-08-04T22:54:27","NULL","d7037c79-621f-40f1-b33d-b1b88ee8cbd3","Kghm/yjq5YfKcXqqu8JAcWTD+CQgYtIMt1zpSwL+o3k=","37","2025-08-04T22:54:27","NULL","d7037c79-621f-40f1-b33d-b1b88ee8cbd3","1.0000","1","2025-08-04T22:54:27","NULL","d7037c79-621f-40f1-b33d-b1b88ee8cbd3"
"e7c25033-bffb-4032-9970-0533cf707ab6","46345742-1c84-4a71-b498-1a1e9bafa9f3","+cUphMQ/D8HSt5q/Awqj0idBqvxCbzxnYX7xsptSr+E=","26","c/dYE6XDYZfGkRIc42jNp2SYUIlLsXToK+M+D3R1CwE=","18","False","2025-07-29T18:57:31","2025-08-04T18:57:28","5","PvPbSfbLIPHZN9eGOuAg+HrOS2hKpPXe+chOGgZ8WRc=","18","2025-07-29T18:57:31","NULL","ad26329b-39a4-46f3-8cae-32973793cca0","3","JCTpbO0GVQzaH/Y1s5wWOMEU58nf4WoIfVA4XJRVRPk=","29","2025-07-29T18:57:31","NULL","ad26329b-39a4-46f3-8cae-32973793cca0","NULL","NULL","NULL","NULL","NULL","220.0000","1","2025-08-04T18:57:12","NULL","ad26329b-39a4-46f3-8cae-32973793cca0"
"39e4d086-9a80-40d5-ae84-16c0f204166b","13831024-76bd-4bb3-8d1a-b1b7197e5e65","1ZuzzrUYaXsO4zKfMWowB014+Qbc0iPBmzh6FzOf4C4=","50","NULL","NULL","True","2025-08-04T22:00:53","2025-08-04T22:00:53","1","NULL","NULL","2025-08-04T22:00:53","NULL","d7037c79-621f-40f1-b33d-b1b88ee8cbd3","2","NULL","NULL","2025-08-04T22:00:53","NULL","d7037c79-621f-40f1-b33d-b1b88ee8cbd3","Kghm/yjq5YfKcXqqu8JAcWTD+CQgYtIMt1zpSwL+o3k=","37","2025-08-04T22:00:53","NULL","d7037c79-621f-40f1-b33d-b1b88ee8cbd3","1.0000","1","2025-08-04T22:00:53","NULL","d7037c79-621f-40f1-b33d-b1b88ee8cbd3"
"f6bfac57-4a91-4f95-b150-6f8c63837e90","e74d314a-bde3-4f99-bf7a-b2918443d1d3","+tnJCcyBGvw8KvXaHZWrFHr9V3U8fDK0HqTIBPvW8+8=","94","NULL","NULL","True","2025-08-04T00:31:01","2025-08-04T00:31:09","2","NULL","NULL","2025-08-04T00:31:01","NULL","d7037c79-621f-40f1-b33d-b1b88ee8cbd3","1","NULL","NULL","2025-08-04T00:31:01","NULL","d7037c79-621f-40f1-b33d-b1b88ee8cbd3","Kghm/yjq5YfKcXqqu8JAcWTD+CQgYtIMt1zpSwL+o3k=","37","2025-08-04T00:31:01","NULL","d7037c79-621f-40f1-b33d-b1b88ee8cbd3","1.0000","1","2025-08-04T00:31:01","NULL","d7037c79-621f-40f1-b33d-b1b88ee8cbd3"
"85851b2f-e2b8-4e15-837b-7737ac015c30","f3892a3b-454a-425d-8fa8-b48db17f18fb","+tnJCcyBGvw8KvXaHZWrFHr9V3U8fDK0HqTIBPvW8+8=","94","NULL","NULL","True","2025-08-04T21:30:50","2025-08-04T21:30:50","5","NULL","NULL","2025-08-04T21:30:50","NULL","d7037c79-621f-40f1-b33d-b1b88ee8cbd3","1","NULL","NULL","2025-08-04T21:30:50","NULL","d7037c79-621f-40f1-b33d-b1b88ee8cbd3","Kghm/yjq5YfKcXqqu8JAcWTD+CQgYtIMt1zpSwL+o3k=","37","2025-08-04T21:30:50","NULL","d7037c79-621f-40f1-b33d-b1b88ee8cbd3","1.0000","1","2025-08-04T21:30:50","NULL","d7037c79-621f-40f1-b33d-b1b88ee8cbd3"
"aa7b81ef-86ff-4186-972f-325cc3ed1350","879daa66-7c12-43d8-937b-b81bf81ace5e","+tnJCcyBGvw8KvXaHZWrFHr9V3U8fDK0HqTIBPvW8+8=","94","NULL","NULL","True","2025-08-04T22:10:03","2025-08-04T22:10:03","5","NULL","NULL","2025-08-04T22:10:03","NULL","d7037c79-621f-40f1-b33d-b1b88ee8cbd3","4","NULL","NULL","2025-08-04T22:10:03","NULL","d7037c79-621f-40f1-b33d-b1b88ee8cbd3","Kghm/yjq5YfKcXqqu8JAcWTD+CQgYtIMt1zpSwL+o3k=","37","2025-08-04T22:10:03","NULL","d7037c79-621f-40f1-b33d-b1b88ee8cbd3","1.0000","1","2025-08-04T22:10:03","NULL","d7037c79-621f-40f1-b33d-b1b88ee8cbd3"
"5a3d92f6-ebc8-4a26-854b-18cb44f6db2f","5eef5a97-a23e-4450-9e78-f68d26614510","n/3Kzs5UCsknVQFTGsXuj3xtR38EqIp8H54G44EG5Zc=","14","NULL","NULL","False","2025-08-04T20:28:30","2025-08-04T20:28:30","7","KqVGbxi39Wa2G2Wvy19EYXpKeNHoJwFucQ+T3oKxq5Y=","44","2025-08-04T20:28:30","d249fcde-e9b4-4188-99dc-a393117e94b5","d7037c79-621f-40f1-b33d-b1b88ee8cbd3","NULL","NULL","NULL","NULL","NULL","NULL","NULL","NULL","NULL","NULL","NULL","NULL","NULL","NULL","NULL","NULL"
"94749148-982c-418c-b7a6-5fd3be9e3ddb","e4a9847a-d187-4cc0-929b-f724f99252a9","1ZuzzrUYaXsO4zKfMWowB014+Qbc0iPBmzh6FzOf4C4=","50","NULL","NULL","True","2025-08-04T22:44:00","2025-08-04T22:44:00","3","NULL","NULL","2025-08-04T22:44:00","NULL","ec0181b2-3d68-4dbe-ae4b-4880382e5b3c","NULL","NULL","NULL","NULL","NULL","NULL","phSoeYmkp15Gewi1jOwbBqFIpeJ5uOhMLNFZF31DitM=","11","2025-08-04T22:44:00","NULL","ec0181b2-3d68-4dbe-ae4b-4880382e5b3c","1.0000","1","2025-08-04T22:44:00","NULL","ec0181b2-3d68-4dbe-ae4b-4880382e5b3c"
"f50abb5c-8bda-40a0-9e5b-bbe84a64136f","2f91b9e7-79c1-4ee4-9b23-f9c919e97fed","1ZuzzrUYaXsO4zKfMWowB014+Qbc0iPBmzh6FzOf4C4=","50","NULL","NULL","True","2025-08-04T00:15:52","2025-08-04T00:15:52","3","NULL","NULL","2025-08-04T00:15:52","NULL","ec0181b2-3d68-4dbe-ae4b-4880382e5b3c","NULL","NULL","NULL","NULL","NULL","NULL","phSoeYmkp15Gewi1jOwbBqFIpeJ5uOhMLNFZF31DitM=","11","2025-08-04T00:15:52","NULL","ec0181b2-3d68-4dbe-ae4b-4880382e5b3c","1.0000","1","2025-08-04T00:15:52","NULL","ec0181b2-3d68-4dbe-ae4b-4880382e5b3c"
"9a50c98a-e33a-4844-b7eb-ae70815fa1b4","b786695b-037a-46b5-a1e1-fc4072911c85","+tnJCcyBGvw8KvXaHZWrFHr9V3U8fDK0HqTIBPvW8+8=","94","NULL","NULL","True","2025-08-04T23:01:14","2025-08-04T23:01:14","1","NULL","NULL","2025-08-04T23:01:14","NULL","d7037c79-621f-40f1-b33d-b1b88ee8cbd3","3","NULL","NULL","2025-08-04T23:01:14","NULL","d7037c79-621f-40f1-b33d-b1b88ee8cbd3","Kghm/yjq5YfKcXqqu8JAcWTD+CQgYtIMt1zpSwL+o3k=","37","2025-08-04T23:01:14","NULL","d7037c79-621f-40f1-b33d-b1b88ee8cbd3","1.0000","1","2025-08-04T23:01:14","NULL","d7037c79-621f-40f1-b33d-b1b88ee8cbd3"
"5b0c9633-b517-4973-91c2-c382e243697c","157dee87-a19e-4335-90d0-07755d59e8ad","+tnJCcyBGvw8KvXaHZWrFHr9V3U8fDK0HqTIBPvW8+8=","94","NULL","NULL","True","2025-08-04T22:09:02","2025-08-04T22:09:02","7","NULL","NULL","2025-08-04T22:09:02","NULL","d7037c79-621f-40f1-b33d-b1b88ee8cbd3","1","NULL","NULL","2025-08-04T22:09:02","NULL","d7037c79-621f-40f1-b33d-b1b88ee8cbd3","Kghm/yjq5YfKcXqqu8JAcWTD+CQgYtIMt1zpSwL+o3k=","37","2025-08-04T22:09:02","NULL","d7037c79-621f-40f1-b33d-b1b88ee8cbd3","1.0000","1","2025-08-04T22:09:02","NULL","d7037c79-621f-40f1-b33d-b1b88ee8cbd3"
"4e7738f5-206e-401c-8792-bc329410471e","85558f2f-a6ae-4aca-b8d6-080aa091b181","CmqtIt+IKufN5OUnovbNaHdEhF464yqFm4ksEktF6dw=","24","0qBaEeomiq9xoi/dSmcHb0KKQNTcE/5LxCsWS3yDVYw=","19","True","2025-07-03T19:40:27","2025-08-04T16:38:39","1","AYqDrLsG89rezOgYLYn07TNoN3cBYXZj+35jtqk4YT4=","20","2025-07-03T19:40:27","8c470e54-e12f-44e4-a602-c337f75841e6","2b73508a-ef15-4347-bf13-715a6dd8cca1","1","AYqDrLsG89rezOgYLYn07TNoN3cBYXZj+35jtqk4YT4=","20","2025-07-03T19:40:27","c30c63fe-3b86-416b-9f51-c692475eb2fd","2b73508a-ef15-4347-bf13-715a6dd8cca1","VRPni3S/DNI8hz55ciKIjN4k043NI2fS5K8+0i6oIWc=","40","2025-07-03T19:40:27","5981f230-24fa-4262-86a7-efe6bf322faf","2b73508a-ef15-4347-bf13-715a6dd8cca1","10000.0000","1","2025-08-04T16:38:39","9103d64c-4ccb-4c20-b0b2-0871a60b36e0","2b73508a-ef15-4347-bf13-715a6dd8cca1"
"622fdaaf-04ed-46f9-b6e6-1bf89c71d994","9a6fcbb8-64e3-4c39-a293-12fff45b9d99","1ZuzzrUYaXsO4zKfMWowB014+Qbc0iPBmzh6FzOf4C4=","50","NULL","NULL","True","2025-08-04T00:18:41","2025-08-04T00:18:41","3","NULL","NULL","2025-08-04T00:18:41","NULL","ec0181b2-3d68-4dbe-ae4b-4880382e5b3c","NULL","NULL","NULL","NULL","NULL","NULL","phSoeYmkp15Gewi1jOwbBqFIpeJ5uOhMLNFZF31DitM=","11","2025-08-04T00:18:41","NULL","ec0181b2-3d68-4dbe-ae4b-4880382e5b3c","1.0000","1","2025-08-04T00:18:41","NULL","ec0181b2-3d68-4dbe-ae4b-4880382e5b3c"
"32d96815-3290-4d2c-bf86-4426e9248df6","29eb3471-ea9b-4f0d-804d-1f420225e7eb","aAusuDVRM1P+Tlv5ifkLjvlIsuuNYID3MJYhgzDy0A4=","26","c/dYE6XDYZfGkRIc42jNp2SYUIlLsXToK+M+D3R1CwE=","18","False","2025-07-29T18:57:42","2025-08-04T18:57:28","8","PvPbSfbLIPHZN9eGOuAg+HrOS2hKpPXe+chOGgZ8WRc=","18","2025-07-29T18:57:42","NULL","ad26329b-39a4-46f3-8cae-32973793cca0","1","JCTpbO0GVQzaH/Y1s5wWOMEU58nf4WoIfVA4XJRVRPk=","29","2025-07-29T18:57:42","NULL","ad26329b-39a4-46f3-8cae-32973793cca0","NULL","NULL","NULL","NULL","NULL","125.0000","1","2025-08-04T18:57:22","NULL","ad26329b-39a4-46f3-8cae-32973793cca0"
"a8b0d243-5dd4-4ffc-b420-5b24fab68085","df1f474e-1b3e-4b74-b10d-1fd7c72a7efd","+tnJCcyBGvw8KvXaHZWrFHr9V3U8fDK0HqTIBPvW8+8=","94","NULL","NULL","True","2025-08-04T21:54:34","2025-08-04T21:54:34","2","NULL","NULL","2025-08-04T21:54:34","NULL","d7037c79-621f-40f1-b33d-b1b88ee8cbd3","2","NULL","NULL","2025-08-04T21:54:34","NULL","d7037c79-621f-40f1-b33d-b1b88ee8cbd3","Kghm/yjq5YfKcXqqu8JAcWTD+CQgYtIMt1zpSwL+o3k=","37","2025-08-04T21:54:34","NULL","d7037c79-621f-40f1-b33d-b1b88ee8cbd3","1.0000","1","2025-08-04T21:54:34","NULL","d7037c79-621f-40f1-b33d-b1b88ee8cbd3"
"1c3f8c3c-f898-4879-9168-07ca2e7a4d9b","32e90d4b-5d39-49b8-9726-39b877cdb72d","Vj9eEdDbtC/5awdatJq8Pk0iJeYkJX/KL81T//AKrDA=","13","NULL","NULL","False","2024-04-02T08:03:39","2025-08-04T22:22:58","7","KqVGbxi39Wa2G2Wvy19EYXpKeNHoJwFucQ+T3oKxq5Y=","44","2025-08-04T22:22:58","4b93ad34-1db2-4a31-bb89-4b931ad72743","d7037c79-621f-40f1-b33d-b1b88ee8cbd3","4","NULL","NULL","2025-08-04T20:50:09","025ec0ef-bb78-430d-af65-916637a48521","d7037c79-621f-40f1-b33d-b1b88ee8cbd3","lz8jHq4ufpBFxpU7VG2iYzIJoDrC1K6lJJcQc2l/mEA=","44","2025-08-04T20:51:41","NULL","d7037c79-621f-40f1-b33d-b1b88ee8cbd3","281.4100","1","2025-08-04T22:22:58","NULL","d7037c79-621f-40f1-b33d-b1b88ee8cbd3"
"8bb17d8a-cda3-4317-9642-806e20150ea2","0bab7575-88e5-43d5-a3e7-7631413cf8fb","1ZuzzrUYaXsO4zKfMWowB014+Qbc0iPBmzh6FzOf4C4=","50","NULL","NULL","True","2025-08-04T00:35:37","2025-08-04T00:35:37","4","NULL","NULL","2025-08-04T00:35:37","NULL","d7037c79-621f-40f1-b33d-b1b88ee8cbd3","1","NULL","NULL","2025-08-04T00:35:37","NULL","d7037c79-621f-40f1-b33d-b1b88ee8cbd3","Kghm/yjq5YfKcXqqu8JAcWTD+CQgYtIMt1zpSwL+o3k=","37","2025-08-04T00:35:37","NULL","d7037c79-621f-40f1-b33d-b1b88ee8cbd3","1.0000","1","2025-08-04T00:35:37","NULL","d7037c79-621f-40f1-b33d-b1b88ee8cbd3"
"8e9289c4-285d-4ba7-a1a3-151012f8db90","34d1571f-635b-4e51-a3d3-7d46f03c6357","CmqtIt+IKufN5OUnovbNaHdEhF464yqFm4ksEktF6dw=","24","0qBaEeomiq9xoi/dSmcHb0KKQNTcE/5LxCsWS3yDVYw=","19","True","2025-07-31T02:32:37","2025-08-04T16:38:41","1","AYqDrLsG89rezOgYLYn07TNoN3cBYXZj+35jtqk4YT4=","20","2025-07-31T02:32:37","42baad10-bd2e-4672-9944-9812783622a9","2b73508a-ef15-4347-bf13-715a6dd8cca1","1","AYqDrLsG89rezOgYLYn07TNoN3cBYXZj+35jtqk4YT4=","20","2025-07-31T02:32:37","1f6f9643-2097-4adb-8778-953f8730d8e7","2b73508a-ef15-4347-bf13-715a6dd8cca1","VRPni3S/DNI8hz55ciKIjN4k043NI2fS5K8+0i6oIWc=","40","2025-07-31T02:32:37","d8a8138c-9225-4200-9696-1d5a7b0cf429","2b73508a-ef15-4347-bf13-715a6dd8cca1","10000.0000","1","2025-08-04T16:38:41","57d25e48-f27e-46b1-8339-ff480b03a519","2b73508a-ef15-4347-bf13-715a6dd8cca1"
"45ae3798-5f75-4fe3-920d-6c5e9eba456a","9f4daadb-03e1-4b22-8401-7e1999eef878","v7A0mJ1NJsdunMrq0xg1gUPza2hzQAE0QPw6EDYzwqA=","11","aUYaZGkiVPsKel6DtXG7VAQ36akuOPaOUXa+zzK62a8=","35","False","2024-02-20T16:43:20","2025-08-04T23:24:04","6","NULL","NULL","2024-02-20T16:43:48","NULL","d7037c79-621f-40f1-b33d-b1b88ee8cbd3","3","NULL","NULL","2025-08-04T23:24:04","NULL","d7037c79-621f-40f1-b33d-b1b88ee8cbd3","NULL","NULL","NULL","NULL","NULL","NULL","NULL","NULL","NULL","NULL"
"5f07d599-5a19-4d62-a27d-ef10f2e0cf75","fa4b72d1-2980-46e1-a372-b9c80b0586d6","CmqtIt+IKufN5OUnovbNaHdEhF464yqFm4ksEktF6dw=","24","cRLikR8O6XzCT7+K6xKDq7n7/1O/11BNgz8a7Pu0GkQ=","50","False","2024-04-04T20:45:42","2025-08-04T16:40:23","1","AYqDrLsG89rezOgYLYn07TNoN3cBYXZj+35jtqk4YT4=","20","2025-08-04T16:40:23","ebf108d0-87c5-4686-8a8b-06b68bebe140","ad26329b-39a4-46f3-8cae-32973793cca0","1","AYqDrLsG89rezOgYLYn07TNoN3cBYXZj+35jtqk4YT4=","20","2025-04-03T20:46:36","893215f0-8bee-43b2-9015-053a5c8f16bf","ad26329b-39a4-46f3-8cae-32973793cca0","VRPni3S/DNI8hz55ciKIjN4k043NI2fS5K8+0i6oIWc=","40","2024-04-04T20:45:42","b2b9c453-40ef-424c-a6e0-d35d91acb76f","ad26329b-39a4-46f3-8cae-32973793cca0","10000.0000","1","2025-08-04T16:40:21","248b3c4d-c3d8-4c5c-80c8-31dbce068223","ad26329b-39a4-46f3-8cae-32973793cca0"
"21378700-307f-4097-aee7-8347e070b860","0e70bfd4-6f56-407c-a0ea-bafbd1ceacab","1ZuzzrUYaXsO4zKfMWowB014+Qbc0iPBmzh6FzOf4C4=","50","NULL","NULL","True","2025-08-04T21:52:34","2025-08-04T21:52:34","6","NULL","NULL","2025-08-04T21:52:34","NULL","d7037c79-621f-40f1-b33d-b1b88ee8cbd3","2","NULL","NULL","2025-08-04T21:52:34","NULL","d7037c79-621f-40f1-b33d-b1b88ee8cbd3","Kghm/yjq5YfKcXqqu8JAcWTD+CQgYtIMt1zpSwL+o3k=","37","2025-08-04T21:52:34","NULL","d7037c79-621f-40f1-b33d-b1b88ee8cbd3","1.0000","1","2025-08-04T21:52:34","NULL","d7037c79-621f-40f1-b33d-b1b88ee8cbd3"
"ddedb3d4-6611-4636-9837-bbfb592cace1","48f1c254-720b-4b55-949f-be9e7ebebe68","oPub1bS+jQTA0rHPbRe7r0gHQOZ1z+xdtC2ME2Xqy4U=","45","NULL","NULL","True","2025-07-29T21:55:18","2025-08-04T22:51:59","1","NULL","NULL","2025-08-04T22:49:21","NULL","f9fb7609-b094-484f-a809-17d2de42944f","2","NULL","NULL","2025-08-04T22:49:21","NULL","f9fb7609-b094-484f-a809-17d2de42944f","SG/KTCbLxttq7P8pp+30ml5cKikXKwWKNxXgsj8HT7w=","24","2025-07-29T21:55:18","NULL","f9fb7609-b094-484f-a809-17d2de42944f","10.0000","1","2025-08-04T00:23:16","NULL","f9fb7609-b094-484f-a809-17d2de42944f"
